id,typology,area,floor,location,price,seller contact
30857595,T3 ,545,,lumiar,1669489,215561507
30857604,T3 ,500,,lumiar,1619801,215561507
31508307,T3 ,190,2º andar ,lumiar,648000,215563197
31492088,T2 ,111,3º andar ,lumiar,335000,215550925
31492087,T2 ,125,7º andar ,lumiar,400000,215550925
31492090,T2 ,111,5º andar ,lumiar,345000,215550925
31492089,T2 ,111,5º andar ,lumiar,345000,215550925
31492086,T1 ,81,Andar -1 ,lumiar,220000,215550925
29314835,T3 ,535,,lumiar,1471118,215550793
31507489,T3 ,175,8º andar ,lumiar,560000,215555164
31507272,T2 ,75,4º andar ,lumiar,179000,215552063
31507262,T1 ,68, ,lumiar,193000,215561029
31504073,T0 ,56,Rés do chão ,lumiar,230000,215552567
31503884,T3 ,135,,lumiar,550000,215562452
31503880,T4 ,210,6º andar ,lumiar,650000,215565769 
31502919,T4 ,275,1º andar ,lumiar,855000,967033099
28927433,T3 ,96, ,lumiar,420000,215561846
31500254,T2 ,74,6º andar ,lumiar,175000,962337917
31500407,T4 ,116,,lumiar,430000,215552673
31500350,T4 ,204,,lumiar,1280000,215552816
31499668,T2 ,59,Rés do chão ,lumiar,199000,215553697
31499165,T4 ,204,2º andar ,lumiar,1280000,215564082
31499091,T4 ,204,2º andar ,lumiar,1280000,215561329
31498454,T2 ,83,3º andar ,lumiar,285000,215559732
31497860,T4 ,163,,lumiar,435000,215552943
31497589,T2 ,102, ,lumiar,240000,215564128
31496980,T3 ,110, ,lumiar,395000,215561029
31496570,T3 ,181,10º andar ,lumiar,635000,215559813
31494831,T3 ,203,,lumiar,675000,215552945
31492703,T3 ,150,5º andar ,lumiar,690000,215561076
31491997,T3 ,155,7º andar ,lumiar,470000,215550925
31491040,T3 ,116,,lumiar,456000,215552741
31490922,T4 ,165,,lumiar,630000,215552931
31490875,T1 ,70,4º andar ,lumiar,285000,215552748
31489937,T4 ,191,8º andar ,lumiar,765000,215553078
31489933,T5 ,437,,lumiar,1650000,215561846
31489524,T3 ,168,5º andar ,lumiar,675000,215560317
31489485,T4 ,165,5º andar ,lumiar,475000,215552567
31489124,T2 ,102,7º andar ,lumiar,405000,215550292
31327232,T1 ,84,Sub cave ,lumiar,225000,215552851
31476302,T1 ,90,Sub cave ,lumiar,225000,215552851
31488357,T3 ,150,1º andar ,lumiar,395000,215550947
28057152,T4 ,374,,lumiar,1750000,919365958
31487208,T1 ,92,5º andar ,lumiar,315000,215554863
31486886,T3 ,120, ,lumiar,399990,215561284
31486288,T3 ,201,,lumiar,750000,215552945
31486237,T1 ,54,,lumiar,240000,215552761
31486236,T1 ,54,,lumiar,240000,215552761
31485366,T4 ,203,11º andar ,lumiar,825000,917536275
31485531,T1 ,78,3º andar ,lumiar,228000,215557182
31484665,T2 ,112,1º andar ,lumiar,365000,215568631
31484472,T2 ,90,2º andar ,lumiar,255000,215565473
31482778,T1 ,60,1º andar ,lumiar,240000,215559063
31327053,T4 ,262,2º andar ,lumiar,695000,215552851
31481242,T0 ,56,Rés do chão ,lumiar,179900,210054118
31480620,T2 ,61,,lumiar,170000,215550143
31464725,T1 ,82, ,lumiar,228000,215561149
31470511,T2 ,144, ,lumiar,585000,215561149
31479570,T2 ,89,,lumiar,170000,215560298
31479739,T3 ,160,3º andar ,lumiar,395000,215566243
31479154,T3 ,136,10º andar ,lumiar,635000,910666091
31478180,T5 ,230,,lumiar,1395000,215552783
31477381,T3 ,190, ,lumiar,648000,215561338
31477143,T3 ,150,4º andar ,lumiar,650000,215567291
31476289,T1 ,84,Sub cave ,lumiar,220000,215552851
31327236,T1 ,79,2º andar ,lumiar,250000,215552851
31476426,T2 ,92,5º andar ,lumiar,315000,215554863
31476300,T3 ,155,1º andar ,lumiar,430000,215552851
31476298,T2 ,132,5º andar ,lumiar,370000,215552851
31327250,T1 ,107,5º andar ,lumiar,280000,215552851
31476100,T4 ,202,5º andar ,lumiar,585000,215552851
31475873,T2 ,125,,lumiar,495000,215552906
31474458,T4 ,236,3º andar ,lumiar,765000,215560940
31472346,T2 ,115,6º andar ,lumiar,385000,215554368
31471935,T2 ,55,3º andar ,lumiar,213000,215565769 
31471705,T3 ,143,9º andar ,lumiar,575000,215552748
31469573,T1 ,65,1º andar ,lumiar,230000,913917635
31470507,T2 ,75, ,lumiar,175000,215569402
31470431,T3 ,137,5º andar ,lumiar,490000,939702072
31469935,T3 ,125,3º andar ,lumiar,455000,215554935
31469765,T4 ,155,5º andar ,lumiar,585000,225562045
31469123,T4 ,162,8º andar ,lumiar,820000,215553078
31468244,T3 ,184,,lumiar,698000,215559638
31464424,T3 ,139,5º andar ,lumiar,500000,917794689
31465337,T3 ,126, ,lumiar,695000,215553184
31464292,T4 ,186, ,lumiar,599000,215552495
31461626,T3 ,106,6º andar ,lumiar,465000,215563012
31460553,T4 ,156,,lumiar,595000,215552945
31460519,T3 ,120,,lumiar,480000,215552794
31459718,T4 ,242, ,lumiar,649000,215563708
31456617,T1 ,78,5º andar ,lumiar,299000,215552567
31455280,T1 ,61,1º andar ,lumiar,240000,215559063
31450564,T1 ,61,2º andar ,lumiar,230000,914748918
31449899,T4 ,150,8º andar ,lumiar,750000,215551863
31448646,T3 ,117,,lumiar,390000,215556184
31448177,T2 ,87,1º andar ,lumiar,330000,215552567
31447894,T3 ,165,,lumiar,560000,215552931
31443724,T2 ,125,Rés do chão ,lumiar,380000,215560684
31443264,T3 ,113, ,lumiar,400000,215553968
31442684,T5 ,288,8º andar ,lumiar,995500,215561846
31442495,T3 ,102,2º andar ,lumiar,390000,215565473
31152684,T4 ,205,8º andar ,lumiar,765000,215561643
31442091,T2 ,146, ,lumiar,415000,215553078
31441593,T3 ,150, ,lumiar,290000,215558917
31440894,T3 ,150,4º andar ,lumiar,650000,215567291
31437361,T4 ,181,4º andar ,lumiar,628000,215551954
31327211,T4 ,202,1º andar ,lumiar,565000,215552851
31435505,T2 ,138,2º andar ,lumiar,375000,265568374
31435308,T1 ,43,8º andar ,lumiar,220000,215555738
29595298,T4 ,173,2º andar ,lumiar,650000,215555738
31432639,T3 ,150,4º andar ,lumiar,650000,215564117
31432826,T3 ,85,3º andar ,lumiar,300000,912528786
31432020,T4 ,157,,lumiar,656625,215552761
31431988,T3 ,136,2º andar ,lumiar,488529,215552761
31431986,T2 ,119,1º andar ,lumiar,393975,215552761
31431713,T3 ,190,8º andar ,lumiar,699000,215551863
31430674,T3 ,137,Rés do chão ,lumiar,430000,225562045
31430498,T6 ,558,,lumiar,1450000,215557625
31428364,T3 ,155, ,lumiar,427000,215561793
31172595,T2 ,210,Rés do chão ,lumiar,285000,210206130
31427816,T4 ,297,7º andar ,lumiar,750000,215560682
31427499,T3 ,102,1º andar ,lumiar,390000,912306105
31427471,T3 ,128,7º andar ,lumiar,590000,215560317
31427311,T2 ,92,1º andar ,lumiar,325000,225562045
31427161,T2 ,92,4º andar ,lumiar,345000,225562045
31427116,T2 ,113,1º andar ,lumiar,345000,225562045
31426832,T4 ,222,,lumiar,575000,215552783
31425531,T4 ,222,2º andar ,lumiar,575000,215560269
31424816,T3 ,103,,lumiar,225000,215551732
31424756,T1 ,72,7º andar ,lumiar,330000,215560317
31423311,T3 ,110,1º andar ,lumiar,360000,912499462
31423013,T2 ,153,1º andar ,lumiar,499000,265563019
31422690,T1 ,84,,lumiar,250000,215552741
31419621,T4 ,170,5º andar ,lumiar,790000,215556451
31418852,T1 ,53,1º andar ,lumiar,235000,225562045
31417396,T2 ,125,,lumiar,380000,215552931
31417347,T4 ,200,,lumiar,895000,215559701
31417295,T5 ,261,7º andar ,lumiar,1400000,215552748
31415903,T2 ,98,1º andar ,lumiar,345000,215550342
31415663,T2 ,75,4º andar ,lumiar,245000,215563012
31415491,T3 ,141,5º andar ,lumiar,610000,215551954
31148305,T3 ,164,,lumiar,640000,215552803
31414103,T3 ,149,Rés do chão ,lumiar,675000,215560731
31411800,T3 ,59,3º andar ,lumiar,130000,215553549
31410867,T3 ,104,2º andar ,lumiar,425000,215555769
31409352,T2 ,90,,lumiar,190000,215553078
31407705,T2 ,97,4º andar ,lumiar,364500,215565017
31406120,T2 ,112,2º andar ,lumiar,525000,210020965
31343144,T2 ,106, ,lumiar,375000,215550978
31404366,T1 ,75,,lumiar,275000,215552945
31403180,T5 ,317,3º andar ,lumiar,1550000,215565359
31403078,T3 ,208,4º andar ,lumiar,645000,210007021
31403003,T4 ,128,4º andar ,lumiar,499000,215563012
31401773,T4 ,117,,lumiar,375000,215552764
31401448,T2 ,165,2º andar ,lumiar,427000,910216183
31400936,T3 ,145,4º andar ,lumiar,548000,215551954
31383956,T3 ,146,3º andar ,lumiar,515000,215563012
31398582,T2 ,85,1º andar ,lumiar,279000,912974599
31397712,T4 ,117,2º andar ,lumiar,375000,215563974
31396065,T4 ,144,5º andar ,lumiar,520000,215563526
31395498,T2 ,95,2º andar ,lumiar,265000,215562293
31392599,T3 ,106,6º andar ,lumiar,395000,215557182
31392278,T3 ,129,1º andar ,lumiar,395000,210027604
31392027,T3 ,120,5º andar ,lumiar,456000,265564135
31390197,T4 ,210,6º andar ,lumiar,650000,215550347
31389842,T4 ,175,,lumiar,925000,215552869
31387853,T4 ,200,1º andar ,lumiar,850000,215550438
31387329,T4 ,180,,lumiar,680000,215552869
31382136,T3 ,116,,lumiar,554900,215567264
31379132,T4 ,197,5º andar ,lumiar,675000,215552834
31376328,T3 ,119,2º andar ,lumiar,427000,215560684
31375240,T3 ,173,,lumiar,565000,215552741
31373558,T3 ,146,1º andar ,lumiar,395000,289987045
30769694,T2 ,68,,lumiar,580000,289981791
31371627,T1 ,82,1º andar ,lumiar,297000,916468025
31372776,T4 ,180,,lumiar,850000,215552945
31371798,T1 ,60,3º andar ,lumiar,295900,215568912
31246699,T2 ,107,2º andar ,lumiar,385000,215560682
31369704,T3 ,143,3º andar ,lumiar,400000,215565017
31365199,T3 ,180,9º andar ,lumiar,695000,215564172
31362650,T3 ,101,3º andar ,lumiar,415000,215552567
30367210,T3 ,126, ,lumiar,685000,215553184
31358406,T3 ,180,,lumiar,695000,215554759
31356718,T3 ,168,1º andar ,lumiar,645000,215550186
31356709,T1 ,59,1º andar ,lumiar,240000,215550186
31356716,T2 ,118,Rés do chão ,lumiar,475000,215550186
31356710,T1 ,59,Rés do chão ,lumiar,250000,215550186
31353509,T3 ,224,Rés do chão ,lumiar,675000,215561076
31352607,T4 ,170,1º andar ,lumiar,528000,
31350930,T4 ,197,2º andar ,lumiar,829000,215560731
31139498,T3 ,118,,lumiar,436000,244410182
31347575,T3 ,124,6º andar ,lumiar,460000,215550502
31347484,T3 ,131,8º andar ,lumiar,470000,215550502
31347550,T3 ,133,7º andar ,lumiar,475000,215550502
31347564,T3 ,124,7º andar ,lumiar,465000,215550502
31347549,T3 ,131,7º andar ,lumiar,465000,215550502
31347162,T1 ,61,1º andar ,lumiar,240000,215559063
31346266,T2 ,159,Rés do chão ,lumiar,690000,215552859
31345056,T4 ,198,11º andar ,lumiar,560000,215561029
31344081,T5 ,229,6º andar ,lumiar,745000,215561029
31342530,T3 ,100,7º andar ,lumiar,334500,215550694
31341968,T1 ,68,1º andar ,lumiar,210000,215550502
31341932,T1 ,69,1º andar ,lumiar,220000,215550502
31341736,T4 ,160,1º andar ,lumiar,530000,215568037
31340902,T2 ,92,1º andar ,lumiar,325000,215550502
31340903,T2 ,92,3º andar ,lumiar,335000,215550502
31340939,T2 ,92,4º andar ,lumiar,340000,215550502
31340904,T2 ,92,5º andar ,lumiar,345000,215550502
31340938,T2 ,92,2º andar ,lumiar,330000,215550502
31340901,T2 ,95, ,lumiar,320000,215550502
31340960,T4 ,167,2º andar ,lumiar,570000,215550502
31340954,T4 ,257,8º andar ,lumiar,810000,215550502
31340952,T4 ,167,4º andar ,lumiar,580000,215550502
31340953,T4 ,167,5º andar ,lumiar,585000,215550502
31340955,T3 ,131,7º andar ,lumiar,480000,215550502
31340951,T4 ,167,3º andar ,lumiar,575000,215550502
31340943,T3 ,133,7º andar ,lumiar,470000,215550502
31340918,T1 ,68, ,lumiar,220000,215550502
31340948,T3 ,131,6º andar ,lumiar,465000,215550502
31340946,T3 ,137,2º andar ,lumiar,440000,215550502
31340944,T3 ,124,7º andar ,lumiar,475000,215550502
31340940,T3 ,137,Rés do chão ,lumiar,430000,215550502
31340949,T3 ,131,8º andar ,lumiar,485000,215550502
31340947,T3 ,133,6º andar ,lumiar,460000,215550502
31340950,T4 ,167,1º andar ,lumiar,565000,215550502
31340899,T1 ,74,1º andar ,lumiar,225000,215550502
31328429,T4 ,148,1º andar ,lumiar,525000,215550418
31338288,T5 ,255,4º andar ,lumiar,990000,215561151
31336461,T1 ,87, ,lumiar,337500,215561846
31146740,T2 ,89, ,lumiar,170000,215552819
31335727,T5 ,263,5º andar ,lumiar,679000,215560958
31335404,T2 ,112, ,lumiar,510000,215561846
31331429,T3 ,150,4º andar ,lumiar,650000,215567291
31330361,T4 ,230,1º andar ,lumiar,595000,215552567
31328189,T4 ,149,2º andar ,lumiar,375000,215559587
31327043,T4 ,206,1º andar ,lumiar,575000,215552851
31327048,T3 ,155,6º andar ,lumiar,460000,215552851
31327047,T3 ,125,Rés do chão ,lumiar,430000,215552851
31327041,T2 ,142,4º andar ,lumiar,380000,215552851
31327040,T2 ,138,5º andar ,lumiar,360000,215552851
31327045,T2 ,132,Rés do chão ,lumiar,340000,215552851
31326950,T4 ,247,6º andar ,lumiar,820000,215552851
31326123,T3 ,200,2º andar ,lumiar,750000,215568914
31325404,T1 ,82,4º andar ,lumiar,240000,289987045
31325370,T2 ,119,Rés do chão ,lumiar,475000,215559063
31325396,T3 ,168,1º andar ,lumiar,645000,215559063
31323861,T3 ,140,,lumiar,370000,225558678
31323065,T4 ,131,1º andar ,lumiar,530000,215553078
31321876,T4 ,210, ,lumiar,650000,215550195
31321291,T3 ,152,,lumiar,659500,215552794
31320351,T2 ,90,2º andar ,lumiar,260000,215559672
31315908,T0 ,42,,lumiar,215000,289981791
31315907,T1 ,55,,lumiar,380000,289981791
31315634,T1 ,61,1º andar ,lumiar,240000,215559063
31312584,T3 ,156,8º andar ,lumiar,465000,215552567
31313310,T2 ,199,Rés do chão ,lumiar,560000,215552567
31312856,T2 ,133,8º andar ,lumiar,390000,215552567
31312801,T2 ,133,Rés do chão ,lumiar,340000,215552567
31312591,T1 ,99,8º andar ,lumiar,300000,215552567
31312552,T1 ,62,Cave ,lumiar,225000,215552567
31312322,T3 ,168,6º andar ,lumiar,685000,215560317
31170171,T4 ,221,5º andar ,lumiar,925000,215552851
30749741,T2 ,64,Rés do chão ,lumiar,175000,
31309062,T5 ,289,2º andar ,lumiar,1500000,215565473
31308227,T4 ,214,,lumiar,640000,215552738
31307460,T3 ,175,8º andar ,lumiar,560000,215563996
31306103,T3 ,159,3º andar ,lumiar,515000,215563864
31305940,T3 ,119,,lumiar,427000,215552931
31302204,T1 ,53, ,lumiar,214500,215560275
31304787,T3 ,146,1º andar ,lumiar,395000,289987045
31303265,T3 ,156, ,lumiar,397500,215555738
31302759,T3 ,160,4º andar ,lumiar,650000,215556538
31298380,T3 ,140, ,lumiar,495000,215550268
31298215,T3 ,131, ,lumiar,540000,215569712
31296146,T4 ,247,,lumiar,1061500,215552673
31295679,T5 ,250,5º andar ,lumiar,680000,215552906
31292434,T2 ,114, ,lumiar,318000,215561149
31287394,T4 ,229,2º andar ,lumiar,829000,215561076
31286142,T3 ,200,Rés do chão ,lumiar,585000,215560682
31283776,T2 ,103,8º andar ,lumiar,215000,918192424
31283573,T4 ,177,7º andar ,lumiar,540000,225558678
31281626,T4 ,265,7º andar ,lumiar,960000,215569784
31280286,T1 ,75,5º andar ,lumiar,220000,
30474023,T5 ,595,,lumiar,980000,911822451
31273738,T4 ,180,2º andar ,lumiar,595000,215556715
31271773,T3 ,125,1º andar ,lumiar,370000,215566129
31269942,T4 ,148,,lumiar,525000,215552931
31267705,T3 ,116,2º andar ,lumiar,545000,215552567
31267469,T3 ,170,,lumiar,540000,215552758
31264995,T2 ,122,1º andar ,lumiar,499000,215565473
31264823,T3 ,66,5º andar ,lumiar,350000,215552846
31262649,T1 ,112,1º andar ,lumiar,398000,210062164
31258727,T1 ,67,2º andar ,lumiar,260000,
31257610,T4 ,190,,lumiar,630000,215552798
31252013,T5 ,254,,lumiar,1090000,215561139
31250711,T4 ,147,1º andar ,lumiar,526000,210027604
31248136,T3 ,156,5º andar ,lumiar,690000,215561846
31246491,T3 ,170,2º andar ,lumiar,640000,215564172
31242983,T3 ,168,1º andar ,lumiar,645000,215564816
31242994,T2 ,119,1º andar ,lumiar,475000,215564816
31242284,T4 ,183,8º andar ,lumiar,595000,215560684
31240909,T5 ,288,1º andar ,lumiar,955000,215561846
31240783,T1 ,59, ,lumiar,240000,215564625
31234600,T3 ,168, ,lumiar,645000,215564625
31234591,T2 ,146, ,lumiar,475000,215564625
31234474,T4 ,161,1º andar ,lumiar,530000,215561029
31234442,T2 ,140,9º andar ,lumiar,365000,215553078
31234441,T3 ,127,4º andar ,lumiar,450000,215553078
31233043,T3 ,268,,lumiar,900000,215553078
31230323,T1 ,37,8º andar ,lumiar,219000,265563814
31232162,T3 ,121,2º andar ,lumiar,329000,215550357
31231580,T3 ,110,2º andar ,lumiar,335000,215565647
31231435,T1 ,72,,lumiar,279000,215554759
31231018,T4 ,161, ,lumiar,530000,215564314
31221926,T5 ,318,3º andar ,lumiar,1550000,215553057
31220520,T4 ,183,,lumiar,595000,215552931
31219665,T3 ,156,1º andar ,lumiar,395000,917972062
31218054,T3 ,188, ,lumiar,685000,215563791
31217755,T3 ,100,3º andar ,lumiar,367000,215552567
31210540,T5 ,440, ,lumiar,1500000,263330175
31208554,T4 ,170,,lumiar,790000,215552783
31208555,T4 ,170,,lumiar,790000,215552783
31206634,T3 ,128,7º andar ,lumiar,465000,215564068
30863013,T3 ,163,6º andar ,lumiar,585000,215561846
31204939,T3 ,131, ,lumiar,420000,215561693
31201573,T3 ,154,6º andar ,lumiar,670000,926687134
31200604,T2 ,137,2º andar ,lumiar,375000,215555164
31198183,T2 ,90,,lumiar,249000,215552761
31197861,T4 ,315,,lumiar,1568432,215562497
31194003,T2 ,153,1º andar ,lumiar,499000,215568914
31174294,T6 ,338,,lumiar,785000,215560684
31192803,T3 ,96,,lumiar,350000,215552741
31192760,T2 ,312,,lumiar,210000,215552941
31192634,T3 ,152,,lumiar,495000,215554759
31190440,T0 ,48,8º andar ,lumiar,129000,215552567
31190088,T6 ,338,,lumiar,785000,215552931
31189723,T3 ,240,,lumiar,650000,215552748
31189467,T5 ,189, ,lumiar,780000,215561846
31188510,T4 ,205, ,lumiar,765000,265561769
31188097,T4 ,194,7º andar ,lumiar,1150000,215560317
31176217,T2 ,63,3º andar ,lumiar,189900,215559564
31172025,T4 ,156,2º andar ,lumiar,529000,915200000
31170738,T1 ,55,,lumiar,110000,215552869
31119032,T7 ,1188,,lumiar,7500000,215560317
31168371,T2 ,113,3º andar ,lumiar,450000,215563547
31167338,T3 ,103,,lumiar,365000,215552798
31165384,T4 ,170,1º andar ,lumiar,560000,215561507
31165055,T4 ,380,1º andar ,lumiar,970000,215562896
31159269,T3 ,173,5º andar ,lumiar,565000,215562038
31157019,T3 ,95,5º andar ,lumiar,437500,215553078
31156896,T1 ,67,8º andar ,lumiar,355000,215565473
31156351,T3 ,136,4º andar ,lumiar,350000,215566891
31154858,T4 ,242,6º andar ,lumiar,650000,215550271
31151022,T4 ,168,,lumiar,659500,215552758
31149813,T3 ,146,2º andar ,lumiar,660000,215562186
31148703,T2 ,120, ,lumiar,485000,215561829
31094214,T5 ,217,10º andar ,lumiar,610000,215556715
31144228,T2 ,57,,lumiar,199000,915191367
31143144,T5 ,509, ,lumiar,1550000,215561029
31133617,T4 ,132,,lumiar,510000,234430129
31132047,T4 ,161,1º andar ,lumiar,530000,936060658
31120810,T3 ,104,2º andar ,lumiar,370000,215563012
31125620,T4 ,263,2º andar ,lumiar,695000,215550947
31122920,T4 ,198,,lumiar,575000,215552738
31390932,T3 ,199,6º andar ,lumiar,820000,215558679
31112840,T3 ,180,4º andar ,lumiar,590000,215552483
31112237,T3 ,390,,lumiar,1700000,215552906
31111605,T4 ,146,2º andar ,lumiar,550000,215565683
31100128,T3 ,100, ,lumiar,399999,215561284
31084596,T4 ,237,6º andar ,lumiar,1000000,210020965
31082157,T2 ,100,8º andar ,lumiar,274500,968665700
31078740,T1 ,75,,lumiar,320000,215564392
31077387,T2 ,135,1º andar ,lumiar,350000,215562896
31071513,T4 ,127,Rés do chão ,lumiar,399000,215565473
31070938,T3 ,83,,lumiar,350000,215552931
31065964,T4 ,192, ,lumiar,760000,215564153
31061638,T4 ,220,6º andar ,lumiar,650000,215558147
31061611,T2 ,74, ,lumiar,259000,215554928
31060664,T4 ,210,6º andar ,lumiar,650000,210000117
31052197,T2 ,91,3º andar ,lumiar,412500,215565683
31047694,T3 ,114, ,lumiar,499000,215553184
31045512,T5 ,560,,lumiar,1550000,215567021
31044391,T3 ,145, ,lumiar,600000,215562461
31044187,T4 ,144,5º andar ,lumiar,400000,215562617
31043612,T3 ,150,4º andar ,lumiar,680000,914264598
31042810,T2 ,130, ,lumiar,550000,215552489
31033804,T4 ,212, ,lumiar,850000,215556032
31032400,T5 ,317,3º andar ,lumiar,1550000,225558678
31028840,T2 ,108,3º andar ,lumiar,299000,215561507
31025646,T1 ,62,7º andar ,lumiar,320000,215558574
31017686,T2 ,84,3º andar ,lumiar,335000,215563826
31016108,T3 ,170,,lumiar,640000,215554759
31013943,T4 ,210,6º andar ,lumiar,650000,215551526
31004244,T3 ,195,2º andar ,lumiar,640000,215553284
31004225,T3 ,200, ,lumiar,659000,215565441
30996028,T2 ,103,6º andar ,lumiar,365000,215565017
30998888,T4 ,210,,lumiar,1390000,215554759
30992305,T3 ,104,,lumiar,365000,916459638
30991092,T2 ,112, ,lumiar,750000,215561846
30991061,T4 ,198, ,lumiar,850000,215561846
30988623,T4 ,198, ,lumiar,925000,215561846
30988622,T3 ,155, ,lumiar,725000,215561846
30988610,T3 ,155, ,lumiar,725000,215561846
30988609,T3 ,155, ,lumiar,715000,215561846
30987318,T3 ,155, ,lumiar,710000,215561846
30983107,T4 ,197, ,lumiar,850000,215561846
30977076,T3 ,195, ,lumiar,640000,215551381
30976418,T3 ,125,6º andar ,lumiar,675000,215565473
30974181,T4 ,163,3º andar ,lumiar,475000,215561846
30972145,T3 ,180,4º andar ,lumiar,650000,
30970846,T3 ,160,5º andar ,lumiar,490000,919799301
30956655,T5 ,378, ,lumiar,1500000,215564153
30958228,T4 ,210, ,lumiar,650000,210020842
30957364,T3 ,140,4º andar ,lumiar,675000,215559658
30929904,T4 ,144,,lumiar,749000,215565017
30954921,T3 ,180,2º andar ,lumiar,650000,912630824
30941172,T5 ,3918,,lumiar,1595000,215550926
30940176,T4 ,197, ,lumiar,575000,215554928
30933822,T2 ,122,1º andar ,lumiar,500000,215560317
30931428,T4 ,208,5º andar ,lumiar,790000,215552567
30926927,T4 ,174,3º andar ,lumiar,479700,289987045
31463347,T2 ,114,1º andar ,lumiar,477000,215567729
30924230,T4 ,160,8º andar ,lumiar,785000,215556539
30919329,T4 ,286,4º andar ,lumiar,925000,215554935
30917727,T4 ,167,2º andar ,lumiar,680000,215567186
30914704,T3 ,183,7º andar ,lumiar,629000,
30796220,T7 ,984,,lumiar,4000000,215560317
30913608,T2 ,71,1º andar ,lumiar,320000,215561846
30092064,T3 ,150,4º andar ,lumiar,685000,215565473
30897811,T5 ,203,3º andar ,lumiar,860000,965687827
30897646,T3 ,183,7º andar ,lumiar,629000,
30898076,T5 ,223,3º andar ,lumiar,860000,265563147
30890081,T2 ,122, ,lumiar,499000,272000743
30750735,T3 ,180, ,lumiar,685000,215564386
30868301,T7 ,284,2º andar ,lumiar,1065000,210020965
30858723,T4 ,147, ,lumiar,399900,215561149
30857851,T2 ,122,1º andar ,lumiar,499000,215560317
30855196,T4 ,198,5º andar ,lumiar,575000,215551021
30456503,T10 ,1188,,lumiar,7500000,289981791
30843418,T3 ,180,6º andar ,lumiar,695500,215561882
31485266,T1 ,85,3º andar ,lumiar,322500,215567729
30823446,T2 ,95,7º andar ,lumiar,399000,215563751
30823047,T4 ,193,3º andar ,lumiar,795000,215552748
30822819,T3 ,315,,lumiar,889000,215556127
30811650,T4 ,197,3º andar ,lumiar,779000,215567542
30805443,T2 ,120,6º andar ,lumiar,365000,215557051
30799080,T3 ,150,4º andar ,lumiar,650000,215550613
30798764,T1 ,59,,lumiar,285000,215552816
30794831,T3 ,190,,lumiar,390000,244410837
30783837,T3 ,188,4º andar ,lumiar,650000,210062164
30497164,T3 ,96,7º andar ,lumiar,350000,215550941
30766533,T4 ,171,,lumiar,750000,215551879
30747621,T3 ,125,1º andar ,lumiar,450000,910840427
30745262,T0 ,50,1º andar ,lumiar,247000,919098999
30741808,T3 ,141,7º andar ,lumiar,499000,215559135
30721084,T2 ,126, ,lumiar,390000,215561149
30706691,T2 ,150,6º andar ,lumiar,525000,
30705943,T1 ,66,Rés do chão ,lumiar,320000,215565473
30700358,T7 ,1513,,lumiar,7500000,215550306
30695107,T4 ,150,1º andar ,lumiar,495000,215552567
30664667,T4 ,208,5º andar ,lumiar,790000,215561507
30661872,T5 ,289,2º andar ,lumiar,1500000,215560317
30618770,T3 ,117, ,lumiar,385000,215550389
30641707,T3 ,150,3º andar ,lumiar,595000,215563796
30635879,T3 ,130,6º andar ,lumiar,485000,210007027
30610685,T2 ,58,5º andar ,lumiar,250000,215563012
30600796,T3 ,162,,lumiar,459000,215552785
28057151,T3 ,335,,lumiar,1619801,919365958
30579198,T3 ,136,3º andar ,lumiar,600000,215565473
30567581,T3 ,151, ,lumiar,425000,215551863
30530657,T3 ,150,1º andar ,lumiar,799000,215560317
30512065,T3 ,92,1º andar ,lumiar,218000,215563012
30527980,T2 ,112,,lumiar,270000,215552859
30527434,T3 ,150,,lumiar,750000,215552748
30459951,T3 ,172,2º andar ,lumiar,799000,215554928
30456017,T3 ,99,5º andar ,lumiar,550000,215565473
30404041,T5 ,1188, ,lumiar,7500000,215555836
30389388,T5 ,213,2º andar ,lumiar,1250000,215554759
30383446,T3 ,109, ,lumiar,390000,272000743
30381173,T1 ,62,,lumiar,320000,215554759
30365026,T3 ,92, ,lumiar,218000,215560941
30349845,T3 ,100,Rés do chão ,lumiar,344000,215565017
30299334,T4 ,286,,lumiar,925000,215551879
30294518,T2 ,75,6º andar ,lumiar,175000,215563012
30295792,T3 ,180, ,lumiar,699500,215558921
30293193,T4 ,109,6º andar ,lumiar,300000,215550978
30265385,T7 ,1188,,lumiar,7500000,215553642
30261702,T4 ,437,12º andar ,lumiar,800000,215561419
30252061,T4 ,146,2º andar ,lumiar,515000,215560317
29977063,T1 ,71,,lumiar,250000,215565473
30230589,T4 ,330, ,lumiar,1390000,215567825
30218193,T3 ,127,,lumiar,700000,215552854
30218213,T3 ,127,,lumiar,695000,215552854
30218212,T4 ,162,,lumiar,815000,215552854
30155649,T4 ,314,,lumiar,1568432,215551879
30155648,T3 ,335,,lumiar,1619801,215551879
30092069,T7 ,247,5º andar ,lumiar,1061500,215565473
30030083,T3 ,319,,lumiar,1669489,225562741
30030096,T3 ,335,,lumiar,1619801,225562741
30030095,T3 ,315,,lumiar,1568432,225562741
30003813,T4 ,186, ,lumiar,599000,215553016
29954542,T5 ,230,6º andar ,lumiar,1395000,215561507
29710053,T3 ,117, ,lumiar,450000,215564153
29838593,T8 ,1188,,lumiar,7500000,215551879
29656144,T2 ,120, ,lumiar,365000,215562689
28564421,T3 ,138,,lumiar,600000,215552931
29059459,T6 ,200,1º andar ,lumiar,575000,
29026018,T5 ,374,,lumiar,1750000,215551879
29025283,T4 ,240,,lumiar,1500000,215554759
29018672,T2 ,104, ,lumiar,365000,210054110
28832450,T3 ,174,9º andar ,lumiar,767000,917553232
28451293,T3 ,335,,lumiar,1619801,215553642
